imdb_id,type,title,director,language,country,year,released_at,runtime,imdb_rating,metascore,imdb_votes,country_group
tt0147800,movie,10 Things I Hate About You,Gil Junger,"English, French",USA,1999,1999-03-31,97,7.3,70.0,283945,usa
tt0115433,movie,101 Dalmatians,Stephen Herek,"English, Spanish","USA, UK",1996,1996-11-27,103,5.7,49.0,97785,usa_other
tt0211181,movie,102 Dalmatians,Kevin Lima,English,"USA, UK",2000,2000-11-22,100,4.9,35.0,33444,usa_other
tt0046672,movie,"20,000 Leagues Under the Sea",Richard Fleischer,English,USA,1954,1955-07-20,127,7.2,83.0,27761,usa
tt0120623,movie,A Bug's Life,"John Lasseter, Andrew Stanton(co-director)",English,USA,1998,1998-11-25,95,7.2,77.0,257065,usa
tt0113198,movie,A Goofy Movie,Kevin Lima,English,"USA, Australia, France, Canada",1995,1995-04-07,78,6.8,,43655,usa_other
tt1620680,movie,A Wrinkle in Time,Ava DuVernay,English,USA,2018,2018-03-09,109,4.2,53.0,38659,usa
tt6139732,movie,Aladdin,Guy Ritchie,"English, Arabic",USA,2019,2019-05-24,128,7.0,53.0,204537,usa
tt0103639,movie,Aladdin,"Ron Clements, John Musker",English,USA,1992,1992-11-25,90,8.0,86.0,356283,usa
tt0115491,movie,Aladdin and the King of Thieves,Tad Stones,English,USA,1996,1996-08-13,81,6.4,,31603,usa
tt0107952,movie,Aladdin and the Return of Jafar,"Toby Shelton, Tad Stones, Alan Zaslove",English,USA,1994,1994-05-20,69,5.9,,25623,usa
tt0043274,movie,Alice in Wonderland,"Clyde Geronimi, Wilfred Jackson, Hamilton Luske",English,USA,1951,1951-09-14,75,7.4,68.0,123377,usa
tt1014759,movie,Alice in Wonderland,Tim Burton,English,USA,2010,2010-03-05,108,6.4,53.0,371772,usa
tt0327437,movie,Around the World in 80 Days,Frank Coraci,"English, Cantonese, French, German, Hindi, Turkish","USA, Germany, Ireland, UK",2004,2004-06-16,120,5.9,49.0,82011,usa_other
tt0230011,movie,Atlantis: The Lost Empire,"Gary Trousdale, Kirk Wise","English, French, Spanish",USA,2001,2001-06-22,95,6.9,52.0,98258,usa
tt0499549,movie,Avatar,James Cameron,"English, Spanish",USA,2009,2009-12-18,162,7.8,83.0,1086714,usa
tt0034492,movie,Bambi,"James Algar, Samuel Armstrong, David Hand, Graham Heid, Bill Roberts, Paul Satterfield, Norman Wright, Arthur Davis, Clyde Geronimi",English,USA,1942,1942-08-21,70,7.3,91.0,125824,usa
tt8075496,movie,Bao,Domee Shi,"Chinese, English","USA, Canada",2018,2018-06-15,8,7.5,,19660,usa_other
tt0101414,movie,Beauty and the Beast,"Gary Trousdale, Kirk Wise","English, French",USA,1991,1991-11-22,84,8.0,95.0,404632,usa
tt0317132,movie,Because of Winn-Dixie,Wayne Wang,English,USA,2005,2005-02-18,106,6.3,54.0,10040,usa
tt0066817,movie,Bedknobs and Broomsticks,"Robert Stevenson, Ward Kimball","English, German",USA,1971,1971-12-13,117,7.1,59.0,32823,usa
tt0960731,movie,Bedtime Stories,Adam Shankman,English,USA,2008,2008-12-25,99,6.0,33.0,85524,usa
tt5929776,movie,Before the Flood,Fisher Stevens,English,USA,2016,2016-10-30,96,8.3,63.0,25171,usa
tt0094739,movie,Big Business,Jim Abrahams,"English, Italian",USA,1988,1988-06-10,97,6.4,53.0,11575,usa
tt2245084,movie,Big Hero 6,"Don Hall, Chris Williams",English,USA,2014,2014-11-07,102,7.8,74.0,393016,usa
tt0109287,movie,Blank Check,Rupert Wainwright,English,USA,1994,1994-02-11,93,5.3,42.0,18277,usa
tt0397892,movie,Bolt,"Byron Howard, Chris Williams",English,USA,2008,2008-11-21,96,6.8,67.0,182591,usa
tt0395479,movie,Boundin',"Bud Luckey, Roger Gould(co-director)",English,USA,2003,2004-11-05,5,7.0,,12312,usa
tt0105958,series,Boy Meets World,,English,USA,1993,1993-09-24,23,8.1,,37279,usa
tt1217209,movie,Brave,"Mark Andrews, Brenda Chapman, Steve Purcell(co-director)",English,"USA, UK",2012,2012-06-22,93,7.1,69.0,357239,usa_other
tt0328880,movie,Brother Bear,"Aaron Blaise, Robert Walker","English, Inuktitut, Croatian, Serbian",USA,2003,2003-11-07,85,6.8,48.0,92453,usa
tt0465925,movie,Brother Bear 2,Ben Gluck,English,USA,2006,2006-08-29,74,6.2,,13878,usa
tt0294425,movie,Cadet Kelly,Larry Shaw,English,"USA, Canada",2002,2002-03-08,101,5.5,,12570,usa_other
tt1055366,movie,Camp Rock,Matthew Diamond,"English, Portuguese",USA,2008,2008-06-20,94,5.2,,28782,usa
tt1252380,movie,Camp Rock 2: The Final Jam,Paul Hoen,English,USA,2010,2010-09-03,97,5.2,,15387,usa
tt0317219,movie,Cars,"John Lasseter, Joe Ranft(co-director)","English, Italian, Japanese, Yiddish",USA,2006,2006-06-09,117,7.1,73.0,349674,usa
tt1216475,movie,Cars 2,"John Lasseter, Bradford Lewis(co-director)","English, Japanese, Italian, French",USA,2011,2011-06-24,106,6.1,57.0,150876,usa
tt3606752,movie,Cars 3,Brian Fee,English,USA,2017,2017-06-16,102,6.7,59.0,68243,usa
tt0349205,movie,Cheaper by the Dozen,Shawn Levy,English,USA,2003,2003-12-25,98,5.9,46.0,90580,usa
tt0371606,movie,Chicken Little,Mark Dindal,English,USA,2005,2005-11-04,81,5.7,48.0,82825,usa
tt0096557,series,Chip 'n' Dale Rescue Rangers,,English,"USA, Taiwan, South Korea, China, Japan, UK",1988,1989-03-04,22,7.6,,16431,usa_other
tt0042332,movie,Cinderella,"Clyde Geronimi, Wilfred Jackson, Hamilton Luske",English,USA,1950,1950-03-04,74,7.3,85.0,139378,usa
tt2380307,movie,Coco,"Lee Unkrich, Adrian Molina(co-director)","English, Spanish",USA,2017,2017-11-22,105,8.4,81.0,333411,usa
tt0997047,movie,College Road Trip,Roger Kumble,English,USA,2008,2008-03-07,83,4.3,36.0,14974,usa
tt0361467,movie,Confessions of a Teenage Drama Queen,Sara Sugarman,English,"Germany, USA",2004,2004-02-20,89,4.6,33.0,26686,usa_other
tt0106611,movie,Cool Runnings,Jon Turteltaub,"English, German, Russian",USA,1993,1993-10-01,98,7.0,60.0,88123,usa
tt0101076,series,Darkwing Duck,,English,USA,1991,1991-09-06,30,7.6,,13689,usa
tt1620446,movie,Day & Night,Teddy Newton,English,USA,2010,2010-06-18,6,8.1,,16108,usa
tt1196141,movie,Diary of a Wimpy Kid,Thor Freudenthal,"English, German","USA, UK",2010,2010-03-19,120,6.2,56.0,40808,usa_other
tt0130623,movie,Dinosaur,"Eric Leighton, Ralph Zondag",English,USA,2000,2000-05-19,82,6.5,56.0,50895,usa
tt3440298,movie,Descendants,Kenny Ortega,English,USA,2015,2015-07-31,112,6.4,,14470,usa
tt1865718,series,Gravity Falls,,English,USA,2012,2012-06-15,23,8.9,,63771,usa
tt0092345,series,DuckTales,,English,USA,1987,1987-09-18,23,8.1,,27880,usa
tt0278866,series,Kim Possible,,English,"USA, Philippines, South Korea",2002,2002-06-07,30,7.2,,22207,usa_other
tt0126170,series,Recess,,English,USA,1997,1997-08-31,23,7.8,,21355,usa
tt0219854,movie,The Kid,Jon Turteltaub,English,USA,2000,2000-07-07,104,6.1,45.0,39194,usa
tt0118998,movie,Doctor Dolittle,Betty Thomas,English,USA,1998,1998-06-26,85,5.4,46.0,89150,usa
tt0240462,movie,Dr. Dolittle 2,Steve Carr,English,USA,2001,2001-06-22,87,4.7,49.0,40531,usa
tt0099472,movie,DuckTales the Movie: Treasure of the Lost Lamp,Bob Hathcock,English,"France, USA",1990,1990-08-03,74,6.9,,24234,usa_other
tt3861390,movie,Dumbo,Tim Burton,"English, French","USA, UK, Australia, Canada",2019,2019-03-29,112,6.3,51.0,58882,usa_other
tt0397313,movie,Eight Below,Frank Marshall,English,USA,2006,2006-02-17,120,7.3,64.0,58850,usa
tt0206511,series,Even Stevens,,English,USA,2000,2000-06-17,30,7.6,,13163,usa
tt0032455,movie,Fantasia,"James Algar, Samuel Armstrong, Ford Beebe Jr., Norman Ferguson, David Hand, Jim Handley, T. Hee, Wilfred Jackson, Hamilton Luske, Bill Roberts, Paul Satterfield, Ben Sharpsteen",English,USA,1940,1941-07-21,125,7.8,96.0,84999,usa
tt0120910,movie,Fantasia 2000,"James Algar, Gaëtan Brizzi, Paul Brizzi, Hendel Butoy, Francis Glebas, Eric Goldberg, Don Hahn, Pixote Hunt",English,USA,1999,2000-06-16,75,7.2,59.0,33785,usa
tt2277860,movie,Finding Dory,"Andrew Stanton, Angus MacLane(co-director)","English, Indonesian",USA,2016,2016-06-17,97,7.3,77.0,227414,usa
tt0266543,movie,Finding Nemo,"Andrew Stanton, Lee Unkrich(co-director)",English,"USA, Australia",2003,2003-05-30,100,8.1,90.0,911647,usa_other
tt0091059,movie,Flight of the Navigator,Randal Kleiser,English,USA,1986,1986-08-01,90,6.9,64.0,42322,usa
tt0119137,movie,Flubber,Les Mayfield,English,USA,1997,1997-11-26,93,5.3,37.0,81512,usa
tt0248808,movie,For the Birds,Ralph Eggleston,,USA,2000,2001-11-02,3,8.0,,28126,usa
tt1142977,movie,Frankenweenie,Tim Burton,English,USA,2012,2012-10-05,87,6.9,74.0,94078,usa
tt0087291,movie,Frankenweenie,Tim Burton,English,USA,1984,1984-12-21,29,7.3,,10736,usa
tt0076054,movie,Freaky Friday,Gary Nelson,English,USA,1976,1977-01-21,95,6.3,51.0,11109,usa
tt0322330,movie,Freaky Friday,Mark Waters,"English, Mandarin",USA,2003,2003-08-06,97,6.1,70.0,120172,usa
tt7775622,movie,Free Solo,"Jimmy Chin, Elizabeth Chai Vasarhelyi",English,USA,2018,2018-12-13,100,8.2,83.0,46710,usa
tt2294629,movie,Frozen,"Chris Buck, Jennifer Lee","English, Norwegian",USA,2013,2013-11-27,102,7.5,75.0,551637,usa
tt4520988,movie,Frozen II,"Chris Buck, Jennifer Lee",English,USA,2019,2019-11-22,103,7.0,64.0,106368,usa
tt0436339,movie,G-Force,Hoyt Yeatman,"Spanish, English",USA,2009,2009-07-24,88,5.1,41.0,41151,usa
tt0108783,series,Gargoyles,,English,USA,1994,1994-10-24,30,8.1,,13699,usa
tt1835977,movie,Geek Charming,Jeffrey Hornaday,English,USA,2011,2011-11-11,94,6.4,,10723,usa
tt0119190,movie,George of the Jungle,Sam Weisman,"English, Spanish",USA,1997,1997-07-16,92,5.4,53.0,68409,usa
tt0131409,movie,Geri's Game,Jan Pinkava,,USA,1997,1997-11-25,4,7.9,,21679,usa
tt2543796,series,Girl Meets World,,English,USA,2014,2014-06-27,23,7.2,,12220,usa
tt0385726,movie,Glory Road,James Gartner,English,USA,2006,2006-01-13,118,7.2,58.0,41442,usa
tt1415889,series,Good Luck Charlie,,English,USA,2010,2010-04-04,22,7.0,,17475,usa
tt0173886,movie,Halloweentown,Duwayne Dunham,English,USA,1998,1998-10-17,84,6.8,,11872,usa
tt0493093,series,Hannah Montana,,English,USA,2006,2006-03-24,23,5.0,,35066,usa
tt1114677,movie,Hannah Montana: The Movie,Peter Chelsom,English,USA,2009,2009-04-10,102,4.4,47.0,38414,usa
tt0110006,movie,Heavyweights,Steven Brill,English,USA,1995,1995-02-17,100,6.6,42.0,24212,usa
tt0400497,movie,Herbie Fully Loaded,Angela Robinson,English,USA,2005,2005-06-22,101,4.8,47.0,43653,usa
tt0119282,movie,Hercules,"Ron Clements, John Musker","English, Spanish, Greek","USA, France",1997,1997-06-20,93,7.3,74.0,195894,usa_other
tt0475293,movie,High School Musical,Kenny Ortega,"English, Spanish",USA,2006,2006-01-20,98,5.4,,77328,usa
tt0810900,movie,High School Musical 2,Kenny Ortega,English,USA,2007,2007-08-17,104,5.0,,52782,usa
tt0962726,movie,High School Musical 3,Kenny Ortega,English,USA,2008,2008-10-24,112,4.8,57.0,55628,usa
tt0107120,movie,Hocus Pocus,Kenny Ortega,"English, French",USA,1993,1993-07-16,96,6.9,,89713,usa
tt0311289,movie,Holes,Andrew Davis,English,USA,2003,2003-04-18,117,7.0,71.0,74143,usa
tt0119303,movie,Home Alone 3,Raja Gosnell,"English, Polish",USA,1997,1997-12-12,102,4.5,,101062,usa
tt0299172,movie,Home on the Range,"Will Finn, John Sanford","English, Mandarin",USA,2004,2004-04-02,76,5.3,50.0,19123,usa
tt0116552,movie,Homeward Bound II: Lost in San Francisco,David R. Ellis,English,USA,1996,1996-03-08,88,5.9,,13127,usa
tt0107131,movie,Homeward Bound: The Incredible Journey,Duwayne Dunham,English,USA,1993,1993-02-12,84,6.9,,40421,usa
tt0104437,movie,"Honey, I Blew Up the Kid",Randal Kleiser,English,USA,1992,1992-07-17,89,4.8,50.0,39775,usa
tt0097523,movie,"Honey, I Shrunk the Kids",Joe Johnston,English,"USA, Mexico",1989,1989-06-23,93,6.3,63.0,137074,usa_other
tt0119310,movie,"Honey, We Shrunk Ourselves!",Dean Cundey,English,USA,1997,1997-03-18,74,5.0,,12439,usa
tt0268380,movie,Ice Age,"Chris Wedge, Carlos Saldanha(co-director)",English,USA,2002,2002-03-15,81,7.5,60.0,421204,usa
tt0396652,movie,Ice Princess,Tim Fywell,English,"USA, Canada",2005,2005-03-18,98,6.0,55.0,23891,usa_other
tt2096673,movie,Inside Out,"Pete Docter, Ronnie Del Carmen(co-director)",English,USA,2015,2015-06-19,95,8.2,94.0,577209,usa
tt0141369,movie,Inspector Gadget,David Kellogg,"English, Norwegian, French, Spanish",USA,1999,1999-07-23,78,4.1,36.0,43808,usa
tt0445990,movie,Invincible,Ericson Core,English,USA,2006,2006-08-25,105,7.1,63.0,63682,usa
tt0116669,movie,Jack,Francis Ford Coppola,"English, Spanish",USA,1996,1996-08-09,113,5.8,31.0,54474,usa
tt0455565,movie,Jack-Jack Attack,Brad Bird,English,USA,2005,2008-01-11,5,7.6,,13829,usa
tt0116683,movie,James and the Giant Peach,Henry Selick,English,"UK, USA",1996,1996-04-12,79,6.7,78.0,57814,usa_other
tt1865769,series,Jessie,,English,USA,2011,2011-09-30,30,5.9,,11715,usa
tt0401729,movie,John Carter,Andrew Stanton,English,USA,2012,2012-03-09,132,6.6,51.0,248903,usa
tt1229827,movie,Jonas Brothers: The 3D Concert Experience,Bruce Hendricks,English,USA,2009,2009-02-27,76,1.5,45.0,17198,usa
tt0052948,movie,Journey to the Center of the Earth,Henry Levin,"English, Swedish, French, Italian, Russian",USA,1959,1959-12-01,129,7.0,,15008,usa
tt0119432,movie,Jungle 2 Jungle,John Pasquin,English,"USA, France",1997,1997-03-07,105,5.2,42.0,22111,usa_other
tt0116756,movie,Kazaam,Paul Michael Glaser,English,USA,1996,1996-07-17,93,3.0,24.0,22405,usa
tt0401398,movie,Kronk's New Groove,"Saul Blinkoff, Elliot M. Bour",English,USA,2005,2005-12-13,75,5.8,,10599,usa
tt1957945,movie,La Luna,Enrico Casarosa,,USA,2011,2012-06-22,7,8.0,,12217,usa
tt8096832,movie,Lady and the Tramp,Charlie Bean,English,USA,2019,2019-11-12,103,6.3,48.0,12134,usa
tt0048280,movie,Lady and the Tramp,"Clyde Geronimi, Wilfred Jackson, Hamilton Luske",English,USA,1955,1955-06-22,76,7.3,78.0,116990,usa
tt1648204,movie,Lemonade Mouth,Patricia Riggen,English,USA,2011,2011-04-15,103,6.9,,13515,usa
tt0945571,movie,Lifted,Gary Rydstrom,,USA,2006,2007-06-29,5,7.9,,17178,usa
tt0275847,movie,Lilo & Stitch,"Dean DeBlois, Chris Sanders","English, Hawaiian",USA,2002,2002-06-21,85,7.2,73.0,160264,usa
tt0457993,movie,Lilo & Stitch 2: Stitch Has a Glitch,"Michael LaBash, Tony Leondis","English, French, Spanish",USA,2005,2005-08-30,68,6.3,,11210,usa
tt0273366,series,Lizzie McGuire,,English,USA,2001,2001-01-12,30,6.6,,16649,usa
tt1305591,movie,Mars Needs Moms,Simon Wells,English,USA,2011,2011-03-11,88,5.4,49.0,20441,usa
tt0112175,series,Spider-Man: The Animated Series,,English,USA,1994,1994-11-19,23,8.3,,24829,usa
tt0103584,series,X-Men: The Animated Series,,English,"USA, Canada",1992,1992-10-31,23,8.4,,36206,usa_other
tt0478970,movie,Ant-Man,Peyton Reed,English,USA,2015,2015-07-17,117,7.3,64.0,540523,usa
tt2395427,movie,Avengers: Age of Ultron,Joss Whedon,"English, Korean",USA,2015,2015-05-01,141,7.3,66.0,711205,usa
tt4154796,movie,Avengers: Endgame,"Anthony Russo, Joe Russo","English, Japanese, Xhosa, German",USA,2019,2019-04-26,181,8.4,78.0,694527,usa
tt1825683,movie,Black Panther,Ryan Coogler,"English, Swahili, Nama, Xhosa, Korean",USA,2018,2018-02-16,134,7.3,88.0,579293,usa
tt3498820,movie,Captain America: Civil War,"Anthony Russo, Joe Russo","English, German, Xhosa, Russian, Romanian, Hindi",USA,2016,2016-05-06,147,7.8,75.0,628016,usa
tt0458339,movie,Captain America: The First Avenger,Joe Johnston,"English, Norwegian, French",USA,2011,2011-07-22,124,6.9,66.0,711603,usa
tt1843866,movie,Captain America: The Winter Soldier,"Anthony Russo, Joe Russo","English, French",USA,2014,2014-04-04,136,7.7,70.0,706555,usa
tt4154664,movie,Captain Marvel,"Anna Boden, Ryan Fleck",English,"USA, Australia",2019,2019-03-08,123,6.9,64.0,406778,usa_other
tt1211837,movie,Doctor Strange,Scott Derrickson,English,USA,2016,2016-11-04,115,7.5,72.0,562696,usa
tt2015381,movie,Guardians of the Galaxy,James Gunn,English,USA,2014,2014-08-01,121,8.0,76.0,1007917,usa
tt3896198,movie,Guardians of the Galaxy Vol. 2,James Gunn,English,USA,2017,2017-05-05,136,7.6,67.0,537920,usa
tt0371746,movie,Iron Man,Jon Favreau,"Hungarian, Kurdish, Hindi, English, Persian, Urdu, Arabic",USA,2008,2008-05-02,126,7.9,79.0,910300,usa
tt1228705,movie,Iron Man 2,Jon Favreau,"English, French, Russian",USA,2010,2010-05-07,124,7.0,57.0,693517,usa
tt1300854,movie,Iron Man 3,Shane Black,English,USA,2013,2013-05-03,130,7.2,62.0,730917,usa
tt0848228,movie,The Avengers,Joss Whedon,"English, Russian, Hindi",USA,2012,2012-05-04,143,8.0,69.0,1225316,usa
tt0800369,movie,Thor,Kenneth Branagh,English,USA,2011,2011-05-06,115,7.0,57.0,717145,usa
tt3501632,movie,Thor: Ragnarok,Taika Waititi,English,USA,2017,2017-11-03,130,7.9,74.0,542938,usa
tt1981115,movie,Thor: The Dark World,Alan Taylor,English,USA,2013,2013-11-08,112,6.9,54.0,571192,usa
tt3475734,series,Agent Carter,,English,USA,2015,2015-01-06,42,7.9,,69458,usa
tt4154858,series,Inhumans,,English,USA,2017,2017-09-29,43,5.0,,20672,usa
tt1236246,series,Runaways,,English,USA,2017,2017-11-21,60,7.0,,20241,usa
tt0058331,movie,Mary Poppins,Robert Stevenson,English,USA,1964,1965-06-18,139,7.8,88.0,151417,usa
tt0396555,movie,Meet the Robinsons,Stephen J. Anderson,English,USA,2007,2007-03-30,95,6.8,61.0,84040,usa
tt0120751,movie,Mighty Joe Young,Ron Underwood,"English, Swahili",USA,1998,1998-12-25,114,5.6,51.0,26795,usa
tt0323250,movie,Mike's New Car,"Pete Docter, Roger Gould",English,USA,2002,2002-08-09,4,7.1,,11759,usa
tt0366777,movie,Millions,Danny Boyle,English,UK,2004,2005-04-29,98,6.9,74.0,24147,other
tt0349825,movie,Miracle,Gavin O'Connor,English,"Canada, USA",2004,2004-02-06,135,7.5,68.0,45667,usa_other
tt0039628,movie,Miracle on 34th Street,George Seaton,"English, Dutch",USA,1947,1947-10-02,96,7.9,88.0,38715,usa
tt3521164,movie,Moana,"Ron Clements, John Musker, Don Hall(co-director), Chris Williams(co-director)",English,USA,2016,2016-11-23,107,7.6,81.0,250176,usa
tt1453405,movie,Monsters University,Dan Scanlon,English,USA,2013,2013-06-21,104,7.3,65.0,308588,usa
tt0198781,movie,"Monsters, Inc.","Pete Docter, David Silverman(co-director), Lee Unkrich(co-director)",English,USA,2001,2001-11-02,92,8.0,79.0,779728,usa
tt0120762,movie,Mulan,"Tony Bancroft, Barry Cook","English, Mandarin",USA,1998,1998-06-19,88,7.6,71.0,237755,usa
tt0279967,movie,Mulan II,"Darrell Rooney, Lynne Southerland",English,"USA, South Korea, Singapore, Russia, Malaysia, Kazakhstan, Taiwan, Hong Kong, Japan, China, India, Syria, Iran, Egypt, Pakistan",2004,2004-12-17,79,5.7,,20851,usa_other
tt0117110,movie,Muppet Treasure Island,"Brian Henson, David Lane",English,USA,1996,1996-02-16,99,7.0,64.0,20293,usa
tt2281587,movie,Muppets Most Wanted,James Bobin,"English, German",USA,2014,2014-03-21,107,6.4,61.0,30336,usa
tt0120764,movie,My Favorite Martian,Donald Petrie,English,USA,1999,1999-02-12,94,5.1,33.0,12448,usa
tt0368891,movie,National Treasure,Jon Turteltaub,"English, Spanish",USA,2004,2004-11-19,131,6.8,39.0,295236,usa
tt0465234,movie,National Treasure: Book of Secrets,Jon Turteltaub,"English, French",USA,2007,2007-12-21,124,6.5,48.0,212576,usa
tt0104990,movie,Newsies,Kenny Ortega,English,USA,1992,1992-04-10,121,7.0,46.0,18094,usa
tt5452780,movie,Olaf's Frozen Adventure,"Kevin Deters, Stevie Wermers",English,USA,2017,2017-10-27,22,5.5,,10650,usa
tt0976238,movie,Old Dogs,Walt Becker,"English, Ukrainian",USA,2009,2009-11-25,88,5.4,19.0,35534,usa
tt0050798,movie,Old Yeller,Robert Stevenson,English,USA,1957,1959-07-10,83,7.3,84.0,11270,usa
tt0095776,movie,Oliver & Company,George Scribner,English,USA,1988,1988-11-18,74,6.7,58.0,41874,usa
tt0055254,movie,One Hundred and One Dalmatians,"Clyde Geronimi, Hamilton Luske, Wolfgang Reitherman",English,USA,1961,1961-01-25,79,7.2,83.0,146668,usa
tt0479113,movie,One Man Band,"Mark Andrews, Andrew Jimenez",,USA,2005,2006-06-06,4,7.7,,13993,usa
tt7146812,movie,Onward,Dan Scanlon,English,USA,2020,2020-03-06,102,7.5,61.0,45444,usa
tt1425244,movie,Partly Cloudy,Peter Sohn,,USA,2009,2009-05-29,6,8.2,,19102,usa
tt0076538,movie,Pete's Dragon,"Don Chaffey, Don Bluth",English,USA,1977,1977-11-03,128,6.4,46.0,21558,usa
tt2788732,movie,Pete's Dragon,David Lowery,English,USA,2016,2016-08-12,102,6.7,71.0,52020,usa
tt0046183,movie,Peter Pan,"Clyde Geronimi, Wilfred Jackson, Hamilton Luske, Jack Kinney","English, American Sign Language",USA,1953,1953-02-05,77,7.3,76.0,120707,usa
tt0280030,movie,Peter Pan 2: Return to Never Land,"Robin Budd, Donovan Cook(co-director)",English,"USA, Canada, Australia",2002,2002-02-15,72,5.8,49.0,17404,usa_other
tt0852863,series,Phineas and Ferb,,English,USA,2007,2007-08-17,15,7.9,,31287,usa
tt0032910,movie,Pinocchio,"Norman Ferguson, T. Hee, Wilfred Jackson, Jack Kinney, Hamilton Luske, Bill Roberts, Ben Sharpsteen",English,USA,1940,1940-02-23,88,7.4,99.0,124261,usa
tt5613056,movie,Piper,Alan Barillaro,,USA,2016,2016-06-17,6,8.4,,24041,usa
tt0449088,movie,Pirates of the Caribbean: At World's End,Gore Verbinski,English,USA,2007,2007-05-25,169,7.1,50.0,577465,usa
tt0383574,movie,Pirates of the Caribbean: Dead Man's Chest,Gore Verbinski,"English, Turkish, Greek, Mandarin, French",USA,2006,2006-07-07,151,7.3,53.0,635041,usa
tt1298650,movie,Pirates of the Caribbean: On Stranger Tides,Rob Marshall,"English, Spanish","USA, UK",2011,2011-05-20,136,6.6,45.0,465510,usa_other
tt0325980,movie,Pirates of the Caribbean: The Curse of the Black Pearl,Gore Verbinski,English,USA,2003,2003-07-09,143,8.0,63.0,992127,usa
tt0114148,movie,Pocahontas,"Mike Gabriel, Eric Goldberg","English, Algonquin",USA,1995,1995-06-23,81,6.7,58.0,163209,usa
tt0143808,movie,Pocahontas II: Journey to a New World,"Tom Ellery, Bradley Raymond",English,USA,1998,1998-08-25,72,4.9,,13201,usa
tt1245104,movie,Presto,Doug Sweetland,English,USA,2008,2008-06-27,5,8.4,,21778,usa
tt1196339,movie,Princess Protection Program,Allison Liddi-Brown,English,USA,2009,2009-06-26,90,5.6,,20758,usa
tt1604171,movie,Prom,Joe Nussbaum,English,USA,2011,2011-04-29,104,5.4,50.0,14569,usa
tt4341582,movie,Queen of Katwe,Mira Nair,English,USA,2016,2016-09-30,124,7.4,73.0,14265,usa
tt0382932,movie,Ratatouille,"Brad Bird, Jan Pinkava(co-director)","English, French",USA,2007,2007-06-29,111,8.0,96.0,612483,usa
tt0485985,movie,Red Tails,Anthony Hemingway,"English, Italian, German",USA,2012,2012-01-20,125,5.9,46.0,32647,usa
tt0210945,movie,Remember the Titans,Boaz Yakin,English,USA,2000,2000-09-29,113,7.8,48.0,190945,usa
tt0089908,movie,Return to Oz,Walter Murch,English,"UK, USA",1985,1985-06-21,113,6.7,42.0,23581,usa_other
tt0070608,movie,Robin Hood,"Wolfgang Reitherman, David Hand","English, Portuguese",USA,1973,1973-11-08,83,7.6,57.0,110712,usa
tt3748528,movie,Rogue One: A Star Wars Story,Gareth Edwards,English,USA,2016,2016-12-16,133,7.8,65.0,526836,usa
tt0107985,movie,Rookie of the Year,Daniel Stern,English,USA,1993,1993-07-07,103,6.0,53.0,23711,usa
tt2140373,movie,Saving Mr. Banks,John Lee Hancock,English,"USA, UK, Australia",2013,2013-12-20,125,7.5,65.0,147182,usa_other
tt1217213,movie,Secret of the Wings,"Roberts Gannaway, Peggy Holmes",English,"USA, India, UK",2012,2012-12-14,75,7.1,,10155,usa_other
tt1028576,movie,Secretariat,Randall Wallace,English,USA,2010,2010-10-08,123,7.2,61.0,25455,usa
tt1661326,series,Shake It Up,,English,USA,2010,2010-11-07,30,4.8,,10911,usa
tt0462538,movie,The Simpsons Movie,David Silverman,English,USA,2007,2007-07-27,87,7.3,80.0,302244,usa
tt0105417,movie,Sister Act,Emile Ardolino,English,USA,1992,1992-05-29,100,6.4,51.0,83764,usa
tt0108147,movie,Sister Act 2: Back in the Habit,Bill Duke,English,USA,1993,1993-12-10,107,5.6,38.0,47046,usa
tt0053285,movie,Sleeping Beauty,"Clyde Geronimi, Les Clark, Hamilton Luske, Wolfgang Reitherman",English,USA,1959,1959-12-25,75,7.2,85.0,129694,usa
tt0281373,movie,Snow Dogs,Brian Levant,English,"Canada, USA",2002,2002-01-18,99,5.2,29.0,24563,usa_other
tt0029583,movie,Snow White and the Seven Dwarfs,"William Cottrell, David Hand, Wilfred Jackson, Larry Morey, Perce Pearce, Ben Sharpsteen",English,USA,1937,1938-02-04,83,7.6,95.0,174379,usa
tt1252374,series,Sonny with a Chance,,English,USA,2009,2009-02-08,23,6.1,,10074,usa
tt0088161,movie,Splash,Ron Howard,"English, Swedish",USA,1984,1984-03-09,111,6.2,71.0,65908,usa
tt2930604,series,Star Wars Rebels,,English,USA,2014,2014-09-26,22,8.0,,24977,usa
tt0076759,movie,Star Wars: Episode IV - A New Hope,George Lucas,English,USA,1977,1977-05-25,121,8.6,90.0,1188658,usa
tt0121765,movie,Star Wars: Episode II - Attack of the Clones,George Lucas,English,USA,2002,2002-05-16,142,6.5,54.0,613768,usa
tt0086190,movie,Star Wars: Episode VI - Return of the Jedi,Richard Marquand,English,USA,1983,1983-05-25,131,8.3,58.0,912250,usa
tt0121766,movie,Star Wars: Episode III - Revenge of the Sith,George Lucas,English,USA,2005,2005-05-19,140,7.5,68.0,681075,usa
tt0458290,series,Star Wars: The Clone Wars,,English,USA,2008,2008-10-03,23,8.1,,47308,usa
tt1185834,movie,Star Wars: The Clone Wars,Dave Filoni,English,USA,2008,2008-08-15,98,5.9,35.0,53973,usa
tt0080684,movie,Star Wars: Episode V - The Empire Strikes Back,Irvin Kershner,English,USA,1980,1980-06-20,124,8.7,82.0,1109656,usa
tt2488496,movie,Star Wars: Episode VII - The Force Awakens,J.J. Abrams,English,USA,2015,2015-12-18,138,7.9,80.0,833706,usa
tt2527336,movie,Star Wars: Episode VIII - The Last Jedi,Rian Johnson,English,USA,2017,2017-12-15,152,7.0,85.0,532835,usa
tt0120915,movie,Star Wars: Episode I - The Phantom Menace,George Lucas,English,USA,1999,1999-05-19,136,6.5,51.0,698744,usa
tt1579247,movie,StarStruck,Michael Grossman,English,USA,2010,2010-02-14,90,6.1,,12305,usa
tt0054357,movie,Swiss Family Robinson,Ken Annakin,English,USA,1960,1960-12-21,126,7.2,61.0,13189,usa
tt0098924,series,TaleSpin,,English,USA,1990,1990-09-07,30,7.6,,12743,usa
tt0398286,movie,Tangled,"Nathan Greno, Byron Howard",English,USA,2010,2010-11-24,100,7.7,71.0,390220,usa
tt0300865,series,That's So Raven,,English,USA,2003,2003-01-17,30,6.5,,16953,usa
tt0041094,movie,The Adventures of Ichabod and Mr. Toad,"James Algar, Clyde Geronimi, Jack Kinney",English,USA,1949,1950-01-06,68,7.0,74.0,11917,usa
tt0065421,movie,The Aristocats,Wolfgang Reitherman,English,USA,1970,1970-12-24,78,7.1,66.0,89029,usa
tt1626038,series,The Avengers: Earth's Mightiest Heroes,,English,USA,2010,2010-09-22,30,8.3,,12505,usa
tt3691740,movie,The BFG,Steven Spielberg,English,"USA, India, UK",2016,2016-07-01,117,6.4,66.0,73906,usa_other
tt0088814,movie,The Black Cauldron,"Ted Berman, Richard Rich","English, Portuguese","USA, UK",1985,1985-07-24,80,6.4,59.0,29395,usa_other
tt0078869,movie,The Black Hole,Gary Nelson,English,USA,1979,1979-12-21,98,6.0,52.0,22422,usa
tt0499448,movie,The Chronicles of Narnia: Prince Caspian,Andrew Adamson,English,"USA, Poland, Slovenia, Czech Republic, UK",2008,2008-05-16,150,6.5,62.0,187627,usa_other
tt0363771,movie,"The Chronicles of Narnia: The Lion, the Witch and the Wardrobe",Andrew Adamson,"English, German, Brazilian Sign Language","UK, USA",2005,2005-12-09,143,6.9,75.0,353342,usa_other
tt0120917,movie,The Emperor's New Groove,Mark Dindal,English,USA,2000,2000-12-15,78,7.3,70.0,171721,usa
tt2025690,movie,The Finest Hours,Craig Gillespie,English,USA,2016,2016-01-29,117,6.8,58.0,59000,usa
tt0082406,movie,The Fox and the Hound,"Ted Berman, Richard Rich, Art Stevens, David Hand, Wolfgang Reitherman",English,USA,1981,1981-07-10,83,7.3,65.0,81227,usa
tt0492956,movie,The Game Plan,Andy Fickman,English,USA,2007,2007-09-28,110,6.1,44.0,56291,usa
tt1979388,movie,The Good Dinosaur,Peter Sohn,English,USA,2015,2015-11-25,93,6.7,66.0,97413,usa
tt0091149,movie,The Great Mouse Detective,"Ron Clements, Burny Mattinson, David Michener, John Musker","English, French, German, Italian",USA,1986,1986-07-02,74,7.2,73.0,42723,usa
tt0082474,movie,The Great Muppet Caper,Jim Henson,English,"UK, USA",1981,1981-06-26,97,7.2,70.0,12993,usa_other
tt0388980,movie,The Greatest Game Ever Played,Bill Paxton,English,"USA, Canada",2005,2005-09-30,120,7.4,55.0,26823,usa_other
tt0338094,movie,The Haunted Mansion,Rob Minkoff,English,USA,2003,2003-11-26,88,5.0,34.0,40276,usa
tt0116583,movie,The Hunchback of Notre Dame,"Gary Trousdale, Kirk Wise","English, Latin","USA, France",1996,1996-06-21,91,6.9,74.0,135545,usa_other
tt0317705,movie,The Incredibles,Brad Bird,"English, French",USA,2004,2004-11-05,115,8.0,90.0,633057,usa
tt0061852,movie,The Jungle Book,"Wolfgang Reitherman, James Algar, Jack Kinney",English,USA,1967,1967-10-18,78,7.6,65.0,159903,usa
tt0283426,movie,The Jungle Book 2,Steve Trenbirth,English,"USA, Australia",2003,2003-02-14,72,5.4,38.0,14354,usa_other
tt1294226,movie,The Last Song,Julie Anne Robinson,English,USA,2010,2010-03-31,107,6.0,33.0,78380,usa
tt6105098,movie,The Lion King,Jon Favreau,"English, Xhosa, Zulu, French, Spanish","USA, UK",2019,2019-07-19,118,6.9,55.0,189877,usa_other
tt0318403,movie,The Lion King 3: Hakuna Matata,Bradley Raymond,English,"Australia, USA",2004,2004-02-10,77,6.6,,35523,usa_other
tt0120131,movie,The Lion King 2: Simba's Pride,"Darrell Rooney, Rob LaDuca(co-director)",English,"USA, Australia",1998,1998-10-27,81,6.5,,58256,usa_other
tt0110357,movie,The Lion King,"Roger Allers, Rob Minkoff","English, Swahili, Xhosa, Zulu",USA,1994,1994-06-24,88,8.5,88.0,901362,usa
tt0097757,movie,The Little Mermaid,"Ron Clements, John Musker","English, French",USA,1989,1989-11-17,83,7.6,88.0,227707,usa
tt0240684,movie,The Little Mermaid 2: Return to the Sea,"Jim Kammerud, Brian Smith(co-director)",English,"USA, Canada, Australia, Taiwan",2000,2000-09-19,75,5.6,,16648,usa_other
tt0306841,movie,Lizzie McGuire,Jim Fall,"English, Italian",USA,2003,2003-05-02,94,5.5,56.0,34463,usa
tt0064603,movie,The Love Bug,Robert Stevenson,"English, Cantonese, Spanish",USA,1968,1969-03-13,108,6.5,48.0,13617,usa
tt8111088,series,The Mandalorian,,English,USA,2019,2019-11-12,30,8.7,,157153,usa
tt0076363,movie,The Many Adventures of Winnie the Pooh,"John Lounsbery, Wolfgang Reitherman, Ben Sharpsteen",English,USA,1977,1977-03-11,74,7.6,,31065,usa
tt0104940,movie,The Muppet Christmas Carol,Brian Henson,English,"USA, UK",1992,1992-12-11,85,7.7,64.0,45861,usa_other
tt0079588,movie,The Muppet Movie,James Frawley,English,"UK, USA",1979,1979-06-22,95,7.6,74.0,31198,usa_other
tt1204342,movie,The Muppets,James Bobin,English,USA,2011,2011-11-23,103,7.1,75.0,84999,usa
tt1462769,movie,The Odd Life of Timothy Green,Peter Hedges,English,USA,2012,2012-08-15,105,6.6,47.0,43976,usa
tt0055277,movie,The Parent Trap,David Swift,English,USA,1961,1961-06-21,129,7.1,73.0,18041,usa
tt0120783,movie,The Parent Trap,Nancy Meyers,"English, French","USA, UK",1998,1998-07-29,128,6.5,64.0,114898,usa_other
tt0780521,movie,The Princess and the Frog,"Ron Clements, John Musker","English, French",USA,2009,2009-12-11,97,7.1,73.0,117082,usa
tt0093779,movie,The Princess Bride,Rob Reiner,English,USA,1987,1987-10-09,98,8.1,77.0,377085,usa
tt0247638,movie,The Princess Diaries,Garry Marshall,"English, Dutch, Italian","USA, UK",2001,2001-08-03,111,6.3,52.0,123037,usa_other
tt0368933,movie,The Princess Diaries 2: Royal Engagement,Garry Marshall,"English, Greek, French, Spanish",USA,2004,2004-08-11,113,5.8,43.0,70904,usa
tt0076618,movie,The Rescuers,"John Lounsbery, Wolfgang Reitherman, Art Stevens",English,USA,1977,1977-06-22,78,6.9,74.0,55743,usa
tt0100477,movie,The Rescuers Down Under,"Hendel Butoy, Mike Gabriel",English,USA,1990,1990-11-16,77,6.9,70.0,36509,usa
tt0102803,movie,The Rocketeer,Joe Johnston,"English, German",USA,1991,1991-06-21,108,6.5,61.0,50945,usa
tt0265662,movie,The Rookie,John Lee Hancock,English,USA,2002,2002-03-29,127,6.9,72.0,31236,usa
tt0111070,movie,The Santa Clause,John Pasquin,"English, Spanish","USA, Canada",1994,1994-11-11,97,6.5,57.0,91389,usa_other
tt0304669,movie,The Santa Clause 2,Michael Lembeck,English,"USA, Canada",2002,2002-11-01,104,5.6,48.0,47866,usa_other
tt0452681,movie,The Santa Clause 3: The Escape Clause,Michael Lembeck,English,"USA, Canada",2006,2006-11-03,97,4.7,32.0,31254,usa_other
tt0096697,series,The Simpsons,,"English, Spanish, Albanian, French, Japanese, German, Russian, Hindi, Swahili, Italian, Swedish, Turkish, Cantonese, Mandarin, Hebrew, Arabic, Klingon, Bengali, Czech",USA,1989,1989-12-17,22,8.7,,328282,usa
tt0059742,movie,The Sound of Music,Robert Wise,"English, German",USA,1965,1965-04-01,172,8.0,63.0,194154,usa
tt0166896,movie,The Straight Story,David Lynch,English,"France, UK, USA",1999,1999-11-03,112,8.0,86.0,77452,usa_other
tt0426371,series,The Suite Life of Zack & Cody,,English,USA,2005,2005-03-18,30,6.5,,30964,usa
tt1181917,series,The Suite Life on Deck,,English,USA,2008,2008-09-26,30,6.3,,14716,usa
tt0057546,movie,The Sword in the Stone,"Wolfgang Reitherman, Clyde Geronimi, David Hand",English,USA,1963,1964-06-21,79,7.2,61.0,85169,usa
tt0038166,movie,The Three Caballeros,"Norman Ferguson, Clyde Geronimi, Jack Kinney, Bill Roberts, Harold Young","English, Spanish, Portuguese",USA,1944,1945-02-22,71,6.5,85.0,11541,usa
tt0108333,movie,The Three Musketeers,Stephen Herek,English,"Austria, UK, USA",1993,1993-11-12,105,6.4,43.0,48683,usa_other
tt0220099,movie,The Tigger Movie,Jun Falkenstein,English,"USA, Japan",2000,2000-02-11,77,6.3,53.0,16402,usa_other
tt0405469,movie,The Wild,Steve 'Spaz' Williams,English,"Canada, USA",2006,2006-04-14,82,5.3,47.0,23206,usa_other
tt0094137,movie,Three Men and a Baby,Leonard Nimoy,English,USA,1987,1987-11-25,102,6.0,61.0,45155,usa
tt0098966,movie,Three Men and a Little Lady,Emile Ardolino,English,USA,1990,1990-11-21,104,5.4,51.0,21881,usa
tt0111419,movie,Thumbelina,"Don Bluth, Gary Goldman",English,"Ireland, USA, Canada, UK, Denmark, Spain, Poland, Hungary",1994,1994-03-30,86,6.3,,14576,usa_other
tt0107688,movie,The Nightmare Before Christmas,Henry Selick,English,USA,1993,1993-10-29,76,8.0,82.0,281155,usa
tt0823671,movie,Tinker Bell,Bradley Raymond,English,USA,2008,2008-10-28,78,6.8,,11194,usa
tt5116302,movie,Togo,Ericson Core,English,USA,2019,2019-12-20,113,8.1,69.0,24630,usa
tt0114709,movie,Toy Story,John Lasseter,English,USA,1995,1995-11-22,81,8.3,95.0,846332,usa
tt0120363,movie,Toy Story 2,"John Lasseter, Ash Brannon(co-director), Lee Unkrich(co-director)","English, Arabic, Spanish",USA,1999,1999-11-24,92,7.9,88.0,504561,usa
tt0435761,movie,Toy Story 3,Lee Unkrich,"English, Spanish",USA,2010,2010-06-18,103,8.3,92.0,729086,usa
tt1979376,movie,Toy Story 4,Josh Cooley,English,USA,2019,2019-06-21,100,7.8,84.0,172068,usa
tt0133240,movie,Treasure Planet,"Ron Clements, John Musker",English,USA,2002,2002-11-27,95,7.2,60.0,96646,usa
tt0084827,movie,TRON,Steven Lisberger,English,USA,1982,1982-07-09,96,6.8,58.0,110110,usa
tt1104001,movie,TRON: Legacy,Joseph Kosinski,English,USA,2010,2010-12-17,125,6.8,49.0,306175,usa
tt0283084,movie,Tuck Everlasting,Jay Russell,"English, French",USA,2002,2002-10-11,90,6.6,66.0,20533,usa
tt0098536,movie,Turner & Hooch,Roger Spottiswoode,English,USA,1989,1989-07-28,97,6.2,36.0,61665,usa
tt1049413,movie,Up,"Pete Docter, Bob Peterson(co-director)",English,USA,2009,2009-05-29,96,8.2,88.0,895906,usa
tt0361089,movie,Valiant,Gary Chapman,English,"UK, USA",2005,2005-08-19,76,5.5,45.0,20118,usa_other
tt0910970,movie,WALL·E,Andrew Stanton,English,USA,2008,2008-06-27,98,8.4,95.0,955757,usa
tt0103247,movie,White Fang,Randal Kleiser,English,USA,1991,1991-01-18,107,6.7,62.0,18897,usa
tt0096438,movie,Who Framed Roger Rabbit,"Robert Zemeckis, Richard Williams",English,USA,1988,1988-06-22,104,7.7,83.0,175505,usa
tt0096446,movie,Willow,Ron Howard,English,USA,1988,1988-05-20,126,7.3,47.0,97309,usa
tt1449283,movie,Winnie the Pooh,"Stephen J. Anderson, Don Hall",English,USA,2011,2011-07-15,63,7.2,74.0,20673,usa
tt0799922,series,Wizards of Waverly Place,,English,USA,2007,2007-10-12,22,6.8,,27826,usa
tt1369845,movie,Wizards of Waverly Place: The Movie,Lev L. Spiro,English,USA,2009,2009-08-28,94,6.2,,14540,usa
tt1772341,movie,Wreck-It Ralph,Rich Moore,English,USA,2012,2012-11-02,101,7.7,72.0,365043,usa
tt2948356,movie,Zootopia,"Byron Howard, Rich Moore, Jared Bush(co-director)",English,USA,2016,2016-03-04,108,8.0,78.0,410437,usa
